name,description,category,subcategory,file_path,public_url,user_id,created_at
"Caravana.jpg","Sticker de breakingbad - Caravana","stickers","breakingbad","stickers/breakingbad/Caravana.jpg","https://kuwhcnnhhtpjqnrbbdkc.supabase.co/storage/v1/object/public/images/stickers/breakingbad/Caravana.jpg",NULL,"2025-10-31T11:37:31.489Z"
"DonHector.jpg","Sticker de breakingbad - DonHector","stickers","breakingbad","stickers/breakingbad/DonHector.jpg","https://kuwhcnnhhtpjqnrbbdkc.supabase.co/storage/v1/object/public/images/stickers/breakingbad/DonHector.jpg",NULL,"2025-10-31T11:37:31.489Z"
"JesseJane.jpg","Sticker de breakingbad - JesseJane","stickers","breakingbad","stickers/breakingbad/JesseJane.jpg","https://kuwhcnnhhtpjqnrbbdkc.supabase.co/storage/v1/object/public/images/stickers/breakingbad/JesseJane.jpg",NULL,"2025-10-31T11:37:31.489Z"
"Pollos Hermanos.jpg","Sticker de breakingbad - Pollos Hermanos","stickers","breakingbad","stickers/breakingbad/Pollos Hermanos.jpg","https://kuwhcnnhhtpjqnrbbdkc.supabase.co/storage/v1/object/public/images/stickers/breakingbad/Pollos Hermanos.jpg",NULL,"2025-10-31T11:37:31.489Z"
"SaulGoodman.jpg","Sticker de breakingbad - SaulGoodman","stickers","breakingbad","stickers/breakingbad/SaulGoodman.jpg","https://kuwhcnnhhtpjqnrbbdkc.supabase.co/storage/v1/object/public/images/stickers/breakingbad/SaulGoodman.jpg",NULL,"2025-10-31T11:37:31.489Z"
"SaulMike.jpg","Sticker de breakingbad - SaulMike","stickers","breakingbad","stickers/breakingbad/SaulMike.jpg","https://kuwhcnnhhtpjqnrbbdkc.supabase.co/storage/v1/object/public/images/stickers/breakingbad/SaulMike.jpg",NULL,"2025-10-31T11:37:31.489Z"
"Walter.jpg","Sticker de breakingbad - Walter","stickers","breakingbad","stickers/breakingbad/Walter.jpg","https://kuwhcnnhhtpjqnrbbdkc.supabase.co/storage/v1/object/public/images/stickers/breakingbad/Walter.jpg",NULL,"2025-10-31T11:37:31.489Z"
"WalterJesse.jpg","Sticker de breakingbad - WalterJesse","stickers","breakingbad","stickers/breakingbad/WalterJesse.jpg","https://kuwhcnnhhtpjqnrbbdkc.supabase.co/storage/v1/object/public/images/stickers/breakingbad/WalterJesse.jpg",NULL,"2025-10-31T11:37:31.489Z"
"AnnabelleReal.jpg","Sticker de halloween - AnnabelleReal","stickers","halloween","stickers/halloween/AnnabelleReal.jpg","https://kuwhcnnhhtpjqnrbbdkc.supabase.co/storage/v1/object/public/images/stickers/halloween/AnnabelleReal.jpg",NULL,"2025-10-31T11:37:31.489Z"
"ArtTheClown.jpg","Sticker de halloween - ArtTheClown","stickers","halloween","stickers/halloween/ArtTheClown.jpg","https://kuwhcnnhhtpjqnrbbdkc.supabase.co/storage/v1/object/public/images/stickers/halloween/ArtTheClown.jpg",NULL,"2025-10-31T11:37:31.489Z"
"Chucky.jpg","Sticker de halloween - Chucky","stickers","halloween","stickers/halloween/Chucky.jpg","https://kuwhcnnhhtpjqnrbbdkc.supabase.co/storage/v1/object/public/images/stickers/halloween/Chucky.jpg",NULL,"2025-10-31T11:37:31.489Z"
"ChuckyCaja.jpg","Sticker de halloween - ChuckyCaja","stickers","halloween","stickers/halloween/ChuckyCaja.jpg","https://kuwhcnnhhtpjqnrbbdkc.supabase.co/storage/v1/object/public/images/stickers/halloween/ChuckyCaja.jpg",NULL,"2025-10-31T11:37:31.489Z"
"Freddy.jpg","Sticker de halloween - Freddy","stickers","halloween","stickers/halloween/Freddy.jpg","https://kuwhcnnhhtpjqnrbbdkc.supabase.co/storage/v1/object/public/images/stickers/halloween/Freddy.jpg",NULL,"2025-10-31T11:37:31.489Z"
"GhostFace.jpg","Sticker de halloween - GhostFace","stickers","halloween","stickers/halloween/GhostFace.jpg","https://kuwhcnnhhtpjqnrbbdkc.supabase.co/storage/v1/object/public/images/stickers/halloween/GhostFace.jpg",NULL,"2025-10-31T11:37:31.489Z"
"HeresJohnny.jpg","Sticker de halloween - HeresJohnny","stickers","halloween","stickers/halloween/HeresJohnny.jpg","https://kuwhcnnhhtpjqnrbbdkc.supabase.co/storage/v1/object/public/images/stickers/halloween/HeresJohnny.jpg",NULL,"2025-10-31T11:37:31.489Z"
"Jason.jpg","Sticker de halloween - Jason","stickers","halloween","stickers/halloween/Jason.jpg","https://kuwhcnnhhtpjqnrbbdkc.supabase.co/storage/v1/object/public/images/stickers/halloween/Jason.jpg",NULL,"2025-10-31T11:37:31.489Z"
"Jigsaw.jpg","Sticker de halloween - Jigsaw","stickers","halloween","stickers/halloween/Jigsaw.jpg","https://kuwhcnnhhtpjqnrbbdkc.supabase.co/storage/v1/object/public/images/stickers/halloween/Jigsaw.jpg",NULL,"2025-10-31T11:37:31.489Z"
"Leatherface.jpg","Sticker de halloween - Leatherface","stickers","halloween","stickers/halloween/Leatherface.jpg","https://kuwhcnnhhtpjqnrbbdkc.supabase.co/storage/v1/object/public/images/stickers/halloween/Leatherface.jpg",NULL,"2025-10-31T11:37:31.489Z"
"MichaelMyers01.jpg","Sticker de halloween - MichaelMyers01","stickers","halloween","stickers/halloween/MichaelMyers01.jpg","https://kuwhcnnhhtpjqnrbbdkc.supabase.co/storage/v1/object/public/images/stickers/halloween/MichaelMyers01.jpg",NULL,"2025-10-31T11:37:31.489Z"
"MichaelMyers02.jpg","Sticker de halloween - MichaelMyers02","stickers","halloween","stickers/halloween/MichaelMyers02.jpg","https://kuwhcnnhhtpjqnrbbdkc.supabase.co/storage/v1/object/public/images/stickers/halloween/MichaelMyers02.jpg",NULL,"2025-10-31T11:37:31.489Z"
"Pearl.jpg","Sticker de halloween - Pearl","stickers","halloween","stickers/halloween/Pearl.jpg","https://kuwhcnnhhtpjqnrbbdkc.supabase.co/storage/v1/object/public/images/stickers/halloween/Pearl.jpg",NULL,"2025-10-31T11:37:31.489Z"
"Pennywise.jpg","Sticker de halloween - Pennywise","stickers","halloween","stickers/halloween/Pennywise.jpg","https://kuwhcnnhhtpjqnrbbdkc.supabase.co/storage/v1/object/public/images/stickers/halloween/Pennywise.jpg",NULL,"2025-10-31T11:37:31.489Z"
"Samara.jpg","Sticker de halloween - Samara","stickers","halloween","stickers/halloween/Samara.jpg","https://kuwhcnnhhtpjqnrbbdkc.supabase.co/storage/v1/object/public/images/stickers/halloween/Samara.jpg",NULL,"2025-10-31T11:37:31.489Z"
"TheNun.jpg","Sticker de halloween - TheNun","stickers","halloween","stickers/halloween/TheNun.jpg","https://kuwhcnnhhtpjqnrbbdkc.supabase.co/storage/v1/object/public/images/stickers/halloween/TheNun.jpg",NULL,"2025-10-31T11:37:31.489Z"
"TheSubstance.jpg","Sticker de halloween - TheSubstance","stickers","halloween","stickers/halloween/TheSubstance.jpg","https://kuwhcnnhhtpjqnrbbdkc.supabase.co/storage/v1/object/public/images/stickers/halloween/TheSubstance.jpg",NULL,"2025-10-31T11:37:31.489Z"
"Uzumaki.jpg","Sticker de halloween - Uzumaki","stickers","halloween","stickers/halloween/Uzumaki.jpg","https://kuwhcnnhhtpjqnrbbdkc.supabase.co/storage/v1/object/public/images/stickers/halloween/Uzumaki.jpg",NULL,"2025-10-31T11:37:31.489Z"
"Wasaa.jpg","Sticker de halloween - Wasaa","stickers","halloween","stickers/halloween/Wasaa.jpg","https://kuwhcnnhhtpjqnrbbdkc.supabase.co/storage/v1/object/public/images/stickers/halloween/Wasaa.jpg",NULL,"2025-10-31T11:37:31.489Z"
"Griffindor.jpg","Sticker de harrypotter - Griffindor","stickers","harrypotter","stickers/harrypotter/Griffindor.jpg","https://kuwhcnnhhtpjqnrbbdkc.supabase.co/storage/v1/object/public/images/stickers/harrypotter/Griffindor.jpg",NULL,"2025-10-31T11:37:31.489Z"
"HarryHedwig.jpg","Sticker de harrypotter - HarryHedwig","stickers","harrypotter","stickers/harrypotter/HarryHedwig.jpg","https://kuwhcnnhhtpjqnrbbdkc.supabase.co/storage/v1/object/public/images/stickers/harrypotter/HarryHedwig.jpg",NULL,"2025-10-31T11:37:31.489Z"
"Hermione.jpg","Sticker de harrypotter - Hermione","stickers","harrypotter","stickers/harrypotter/Hermione.jpg","https://kuwhcnnhhtpjqnrbbdkc.supabase.co/storage/v1/object/public/images/stickers/harrypotter/Hermione.jpg",NULL,"2025-10-31T11:37:31.489Z"
"Hufflepuff.jpg","Sticker de harrypotter - Hufflepuff","stickers","harrypotter","stickers/harrypotter/Hufflepuff.jpg","https://kuwhcnnhhtpjqnrbbdkc.supabase.co/storage/v1/object/public/images/stickers/harrypotter/Hufflepuff.jpg",NULL,"2025-10-31T11:37:31.489Z"
"Ravenclaw.jpg","Sticker de harrypotter - Ravenclaw","stickers","harrypotter","stickers/harrypotter/Ravenclaw.jpg","https://kuwhcnnhhtpjqnrbbdkc.supabase.co/storage/v1/object/public/images/stickers/harrypotter/Ravenclaw.jpg",NULL,"2025-10-31T11:37:31.489Z"
"Ron.jpg","Sticker de harrypotter - Ron","stickers","harrypotter","stickers/harrypotter/Ron.jpg","https://kuwhcnnhhtpjqnrbbdkc.supabase.co/storage/v1/object/public/images/stickers/harrypotter/Ron.jpg",NULL,"2025-10-31T11:37:31.489Z"
"Slytherin.jpg","Sticker de harrypotter - Slytherin","stickers","harrypotter","stickers/harrypotter/Slytherin.jpg","https://kuwhcnnhhtpjqnrbbdkc.supabase.co/storage/v1/object/public/images/stickers/harrypotter/Slytherin.jpg",NULL,"2025-10-31T11:37:31.489Z"
"DaftPunk.jpg","Sticker de musica - DaftPunk","stickers","musica","stickers/musica/DaftPunk.jpg","https://kuwhcnnhhtpjqnrbbdkc.supabase.co/storage/v1/object/public/images/stickers/musica/DaftPunk.jpg",NULL,"2025-10-31T11:37:31.489Z"
"DaftPunkCasco01.jpg","Sticker de musica - DaftPunkCasco01","stickers","musica","stickers/musica/DaftPunkCasco01.jpg","https://kuwhcnnhhtpjqnrbbdkc.supabase.co/storage/v1/object/public/images/stickers/musica/DaftPunkCasco01.jpg",NULL,"2025-10-31T11:37:31.489Z"
"DaftPunkCasco02.jpg","Sticker de musica - DaftPunkCasco02","stickers","musica","stickers/musica/DaftPunkCasco02.jpg","https://kuwhcnnhhtpjqnrbbdkc.supabase.co/storage/v1/object/public/images/stickers/musica/DaftPunkCasco02.jpg",NULL,"2025-10-31T11:37:31.489Z"
"DaftPunkPorygon.jpg","Sticker de musica - DaftPunkPorygon","stickers","musica","stickers/musica/DaftPunkPorygon.jpg","https://kuwhcnnhhtpjqnrbbdkc.supabase.co/storage/v1/object/public/images/stickers/musica/DaftPunkPorygon.jpg",NULL,"2025-10-31T11:37:31.489Z"
"DaftPunkRotom.jpg","Sticker de musica - DaftPunkRotom","stickers","musica","stickers/musica/DaftPunkRotom.jpg","https://kuwhcnnhhtpjqnrbbdkc.supabase.co/storage/v1/object/public/images/stickers/musica/DaftPunkRotom.jpg",NULL,"2025-10-31T11:37:31.489Z"
"PlasticBeach.jpg","Sticker de musica - PlasticBeach","stickers","musica","stickers/musica/PlasticBeach.jpg","https://kuwhcnnhhtpjqnrbbdkc.supabase.co/storage/v1/object/public/images/stickers/musica/PlasticBeach.jpg",NULL,"2025-10-31T11:37:31.489Z"
"AngelDust.jpg","Sticker de otros - AngelDust","stickers","otros","stickers/otros/AngelDust.jpg","https://kuwhcnnhhtpjqnrbbdkc.supabase.co/storage/v1/object/public/images/stickers/otros/AngelDust.jpg",NULL,"2025-10-31T11:37:31.489Z"
"Iguanas.jpg","Sticker de otros - Iguanas","stickers","otros","stickers/otros/Iguanas.jpg","https://kuwhcnnhhtpjqnrbbdkc.supabase.co/storage/v1/object/public/images/stickers/otros/Iguanas.jpg",NULL,"2025-10-31T11:37:31.489Z"
"MarioKart.jpg","Sticker de otros - MarioKart","stickers","otros","stickers/otros/MarioKart.jpg","https://kuwhcnnhhtpjqnrbbdkc.supabase.co/storage/v1/object/public/images/stickers/otros/MarioKart.jpg",NULL,"2025-10-31T11:37:31.489Z"
"VacaKart.jpg","Sticker de otros - VacaKart","stickers","otros","stickers/otros/VacaKart.jpg","https://kuwhcnnhhtpjqnrbbdkc.supabase.co/storage/v1/object/public/images/stickers/otros/VacaKart.jpg",NULL,"2025-10-31T11:37:31.489Z"
"YoshiKart.jpg","Sticker de otros - YoshiKart","stickers","otros","stickers/otros/YoshiKart.jpg","https://kuwhcnnhhtpjqnrbbdkc.supabase.co/storage/v1/object/public/images/stickers/otros/YoshiKart.jpg",NULL,"2025-10-31T11:37:31.489Z"
"Bulbasaur01.jpg","Sticker de pokemon - Bulbasaur01","stickers","pokemon","stickers/pokemon/Bulbasaur01.jpg","https://kuwhcnnhhtpjqnrbbdkc.supabase.co/storage/v1/object/public/images/stickers/pokemon/Bulbasaur01.jpg",NULL,"2025-10-31T11:37:31.489Z"
"Bulbasaur02.jpg","Sticker de pokemon - Bulbasaur02","stickers","pokemon","stickers/pokemon/Bulbasaur02.jpg","https://kuwhcnnhhtpjqnrbbdkc.supabase.co/storage/v1/object/public/images/stickers/pokemon/Bulbasaur02.jpg",NULL,"2025-10-31T11:37:31.489Z"
"Charmander01.jpg","Sticker de pokemon - Charmander01","stickers","pokemon","stickers/pokemon/Charmander01.jpg","https://kuwhcnnhhtpjqnrbbdkc.supabase.co/storage/v1/object/public/images/stickers/pokemon/Charmander01.jpg",NULL,"2025-10-31T11:37:31.489Z"
"Charmander02.jpg","Sticker de pokemon - Charmander02","stickers","pokemon","stickers/pokemon/Charmander02.jpg","https://kuwhcnnhhtpjqnrbbdkc.supabase.co/storage/v1/object/public/images/stickers/pokemon/Charmander02.jpg",NULL,"2025-10-31T11:37:31.489Z"
"Eevee01.jpg","Sticker de pokemon - Eevee01","stickers","pokemon","stickers/pokemon/Eevee01.jpg","https://kuwhcnnhhtpjqnrbbdkc.supabase.co/storage/v1/object/public/images/stickers/pokemon/Eevee01.jpg",NULL,"2025-10-31T11:37:31.489Z"
"Eevee02.jpg","Sticker de pokemon - Eevee02","stickers","pokemon","stickers/pokemon/Eevee02.jpg","https://kuwhcnnhhtpjqnrbbdkc.supabase.co/storage/v1/object/public/images/stickers/pokemon/Eevee02.jpg",NULL,"2025-10-31T11:37:31.489Z"
"EeveeGigamax.jpg","Sticker de pokemon - EeveeGigamax","stickers","pokemon","stickers/pokemon/EeveeGigamax.jpg","https://kuwhcnnhhtpjqnrbbdkc.supabase.co/storage/v1/object/public/images/stickers/pokemon/EeveeGigamax.jpg",NULL,"2025-10-31T11:37:31.489Z"
"Escuero01.jpg","Sticker de pokemon - Escuero01","stickers","pokemon","stickers/pokemon/Escuero01.jpg","https://kuwhcnnhhtpjqnrbbdkc.supabase.co/storage/v1/object/public/images/stickers/pokemon/Escuero01.jpg",NULL,"2025-10-31T11:37:31.489Z"
"Escuero02.jpg","Sticker de pokemon - Escuero02","stickers","pokemon","stickers/pokemon/Escuero02.jpg","https://kuwhcnnhhtpjqnrbbdkc.supabase.co/storage/v1/object/public/images/stickers/pokemon/Escuero02.jpg",NULL,"2025-10-31T11:37:31.489Z"
"Escuero03.jpg","Sticker de pokemon - Escuero03","stickers","pokemon","stickers/pokemon/Escuero03.jpg","https://kuwhcnnhhtpjqnrbbdkc.supabase.co/storage/v1/object/public/images/stickers/pokemon/Escuero03.jpg",NULL,"2025-10-31T11:37:31.489Z"
"Escuero04.jpg","Sticker de pokemon - Escuero04","stickers","pokemon","stickers/pokemon/Escuero04.jpg","https://kuwhcnnhhtpjqnrbbdkc.supabase.co/storage/v1/object/public/images/stickers/pokemon/Escuero04.jpg",NULL,"2025-10-31T11:37:31.489Z"
"Escuero05.jpg","Sticker de pokemon - Escuero05","stickers","pokemon","stickers/pokemon/Escuero05.jpg","https://kuwhcnnhhtpjqnrbbdkc.supabase.co/storage/v1/object/public/images/stickers/pokemon/Escuero05.jpg",NULL,"2025-10-31T11:37:31.489Z"
"Espeon.jpg","Sticker de pokemon - Espeon","stickers","pokemon","stickers/pokemon/Espeon.jpg","https://kuwhcnnhhtpjqnrbbdkc.supabase.co/storage/v1/object/public/images/stickers/pokemon/Espeon.jpg",NULL,"2025-10-31T11:37:31.489Z"
"Flareon.jpg","Sticker de pokemon - Flareon","stickers","pokemon","stickers/pokemon/Flareon.jpg","https://kuwhcnnhhtpjqnrbbdkc.supabase.co/storage/v1/object/public/images/stickers/pokemon/Flareon.jpg",NULL,"2025-10-31T11:37:31.489Z"
"Glaceon.jpg","Sticker de pokemon - Glaceon","stickers","pokemon","stickers/pokemon/Glaceon.jpg","https://kuwhcnnhhtpjqnrbbdkc.supabase.co/storage/v1/object/public/images/stickers/pokemon/Glaceon.jpg",NULL,"2025-10-31T11:37:31.489Z"
"QuerubinBacacho.jpg","Sticker de querubines - QuerubinBacacho","stickers","querubines","stickers/querubines/QuerubinBacacho.jpg","https://kuwhcnnhhtpjqnrbbdkc.supabase.co/storage/v1/object/public/images/stickers/querubines/QuerubinBacacho.jpg",NULL,"2025-10-31T11:37:31.489Z"
"QuerubinCarta.jpg","Sticker de querubines - QuerubinCarta","stickers","querubines","stickers/querubines/QuerubinCarta.jpg","https://kuwhcnnhhtpjqnrbbdkc.supabase.co/storage/v1/object/public/images/stickers/querubines/QuerubinCarta.jpg",NULL,"2025-10-31T11:37:31.489Z"
"QuerubinCoca.jpg","Sticker de querubines - QuerubinCoca","stickers","querubines","stickers/querubines/QuerubinCoca.jpg","https://kuwhcnnhhtpjqnrbbdkc.supabase.co/storage/v1/object/public/images/stickers/querubines/QuerubinCoca.jpg",NULL,"2025-10-31T11:37:31.489Z"
"QuerubinCorona.jpg","Sticker de querubines - QuerubinCorona","stickers","querubines","stickers/querubines/QuerubinCorona.jpg","https://kuwhcnnhhtpjqnrbbdkc.supabase.co/storage/v1/object/public/images/stickers/querubines/QuerubinCorona.jpg",NULL,"2025-10-31T11:37:31.489Z"
"QuerubinVictoria.jpg","Sticker de querubines - QuerubinVictoria","stickers","querubines","stickers/querubines/QuerubinVictoria.jpg","https://kuwhcnnhhtpjqnrbbdkc.supabase.co/storage/v1/object/public/images/stickers/querubines/QuerubinVictoria.jpg",NULL,"2025-10-31T11:37:31.489Z"
"QuerubinVino.jpg","Sticker de querubines - QuerubinVino","stickers","querubines","stickers/querubines/QuerubinVino.jpg","https://kuwhcnnhhtpjqnrbbdkc.supabase.co/storage/v1/object/public/images/stickers/querubines/QuerubinVino.jpg",NULL,"2025-10-31T11:37:31.489Z"
"BettyDonArmando.jpg","Sticker de ships - BettyDonArmando","stickers","ships","stickers/ships/BettyDonArmando.jpg","https://kuwhcnnhhtpjqnrbbdkc.supabase.co/storage/v1/object/public/images/stickers/ships/BettyDonArmando.jpg",NULL,"2025-10-31T11:37:31.489Z"
"HalLois.jpg","Sticker de ships - HalLois","stickers","ships","stickers/ships/HalLois.jpg","https://kuwhcnnhhtpjqnrbbdkc.supabase.co/storage/v1/object/public/images/stickers/ships/HalLois.jpg",NULL,"2025-10-31T11:37:31.489Z"
"JakeArcoiris.jpg","Sticker de ships - JakeArcoiris","stickers","ships","stickers/ships/JakeArcoiris.jpg","https://kuwhcnnhhtpjqnrbbdkc.supabase.co/storage/v1/object/public/images/stickers/ships/JakeArcoiris.jpg",NULL,"2025-10-31T11:37:31.489Z"
"MarcelinePrincesa.jpg","Sticker de ships - MarcelinePrincesa","stickers","ships","stickers/ships/MarcelinePrincesa.jpg","https://kuwhcnnhhtpjqnrbbdkc.supabase.co/storage/v1/object/public/images/stickers/ships/MarcelinePrincesa.jpg",NULL,"2025-10-31T11:37:31.489Z"
"NezukoZenitsu.jpg","Sticker de ships - NezukoZenitsu","stickers","ships","stickers/ships/NezukoZenitsu.jpg","https://kuwhcnnhhtpjqnrbbdkc.supabase.co/storage/v1/object/public/images/stickers/ships/NezukoZenitsu.jpg",NULL,"2025-10-31T11:37:31.489Z"
"SasukeSakura.jpg","Sticker de ships - SasukeSakura","stickers","ships","stickers/ships/SasukeSakura.jpg","https://kuwhcnnhhtpjqnrbbdkc.supabase.co/storage/v1/object/public/images/stickers/ships/SasukeSakura.jpg",NULL,"2025-10-31T11:37:31.489Z"
"TemariShikamaru.jpg","Sticker de ships - TemariShikamaru","stickers","ships","stickers/ships/TemariShikamaru.jpg","https://kuwhcnnhhtpjqnrbbdkc.supabase.co/storage/v1/object/public/images/stickers/ships/TemariShikamaru.jpg",NULL,"2025-10-31T11:37:31.489Z"
"VegettaBulma.jpg","Sticker de ships - VegettaBulma","stickers","ships","stickers/ships/VegettaBulma.jpg","https://kuwhcnnhhtpjqnrbbdkc.supabase.co/storage/v1/object/public/images/stickers/ships/VegettaBulma.jpg",NULL,"2025-10-31T11:37:31.489Z"
"YutaRika.jpg","Sticker de ships - YutaRika","stickers","ships","stickers/ships/YutaRika.jpg","https://kuwhcnnhhtpjqnrbbdkc.supabase.co/storage/v1/object/public/images/stickers/ships/YutaRika.jpg",NULL,"2025-10-31T11:37:31.489Z"
"Ternurin_A01.jpg","Sticker de ternurines - Ternurin_A01","stickers","ternurines","stickers/ternurines/Ternurin_A01.jpg","https://kuwhcnnhhtpjqnrbbdkc.supabase.co/storage/v1/object/public/images/stickers/ternurines/Ternurin_A01.jpg",NULL,"2025-10-31T11:37:31.489Z"
"Ternurin_A02.jpg","Sticker de ternurines - Ternurin_A02","stickers","ternurines","stickers/ternurines/Ternurin_A02.jpg","https://kuwhcnnhhtpjqnrbbdkc.supabase.co/storage/v1/object/public/images/stickers/ternurines/Ternurin_A02.jpg",NULL,"2025-10-31T11:37:31.489Z"
"Ternurin_A03.jpg","Sticker de ternurines - Ternurin_A03","stickers","ternurines","stickers/ternurines/Ternurin_A03.jpg","https://kuwhcnnhhtpjqnrbbdkc.supabase.co/storage/v1/object/public/images/stickers/ternurines/Ternurin_A03.jpg",NULL,"2025-10-31T11:37:31.489Z"
"Ternurin_A04.jpg","Sticker de ternurines - Ternurin_A04","stickers","ternurines","stickers/ternurines/Ternurin_A04.jpg","https://kuwhcnnhhtpjqnrbbdkc.supabase.co/storage/v1/object/public/images/stickers/ternurines/Ternurin_A04.jpg",NULL,"2025-10-31T11:37:31.489Z"
"Ternurin_A05.jpg","Sticker de ternurines - Ternurin_A05","stickers","ternurines","stickers/ternurines/Ternurin_A05.jpg","https://kuwhcnnhhtpjqnrbbdkc.supabase.co/storage/v1/object/public/images/stickers/ternurines/Ternurin_A05.jpg",NULL,"2025-10-31T11:37:31.489Z"
"Ternurin_B01.jpg","Sticker de ternurines - Ternurin_B01","stickers","ternurines","stickers/ternurines/Ternurin_B01.jpg","https://kuwhcnnhhtpjqnrbbdkc.supabase.co/storage/v1/object/public/images/stickers/ternurines/Ternurin_B01.jpg",NULL,"2025-10-31T11:37:31.489Z"
"Ternurin_B02.jpg","Sticker de ternurines - Ternurin_B02","stickers","ternurines","stickers/ternurines/Ternurin_B02.jpg","https://kuwhcnnhhtpjqnrbbdkc.supabase.co/storage/v1/object/public/images/stickers/ternurines/Ternurin_B02.jpg",NULL,"2025-10-31T11:37:31.489Z"
"Ternurin_B03.jpg","Sticker de ternurines - Ternurin_B03","stickers","ternurines","stickers/ternurines/Ternurin_B03.jpg","https://kuwhcnnhhtpjqnrbbdkc.supabase.co/storage/v1/object/public/images/stickers/ternurines/Ternurin_B03.jpg",NULL,"2025-10-31T11:37:31.489Z"
"Ternurin_B04.jpg","Sticker de ternurines - Ternurin_B04","stickers","ternurines","stickers/ternurines/Ternurin_B04.jpg","https://kuwhcnnhhtpjqnrbbdkc.supabase.co/storage/v1/object/public/images/stickers/ternurines/Ternurin_B04.jpg",NULL,"2025-10-31T11:37:31.489Z"
"Ternurin_B05.jpg","Sticker de ternurines - Ternurin_B05","stickers","ternurines","stickers/ternurines/Ternurin_B05.jpg","https://kuwhcnnhhtpjqnrbbdkc.supabase.co/storage/v1/object/public/images/stickers/ternurines/Ternurin_B05.jpg",NULL,"2025-10-31T11:37:31.489Z"
"Alastor.jpg","Póster artístico - Alastor","posters","","posters/Alastor.jpg","https://kuwhcnnhhtpjqnrbbdkc.supabase.co/storage/v1/object/public/images/posters/Alastor.jpg",NULL,"2025-10-31T11:37:31.489Z"
"AngelDust.jpg","Póster artístico - AngelDust","posters","","posters/AngelDust.jpg","https://kuwhcnnhhtpjqnrbbdkc.supabase.co/storage/v1/object/public/images/posters/AngelDust.jpg",NULL,"2025-10-31T11:37:31.489Z"
"Aquelarre.jpg","Póster artístico - Aquelarre","posters","","posters/Aquelarre.jpg","https://kuwhcnnhhtpjqnrbbdkc.supabase.co/storage/v1/object/public/images/posters/Aquelarre.jpg",NULL,"2025-10-31T11:37:31.489Z"
"AtarashiiGakko.jpg","Póster artístico - AtarashiiGakko","posters","","posters/AtarashiiGakko.jpg","https://kuwhcnnhhtpjqnrbbdkc.supabase.co/storage/v1/object/public/images/posters/AtarashiiGakko.jpg",NULL,"2025-10-31T11:37:31.489Z"
"Bellatrix.jpg","Póster artístico - Bellatrix","posters","","posters/Bellatrix.jpg","https://kuwhcnnhhtpjqnrbbdkc.supabase.co/storage/v1/object/public/images/posters/Bellatrix.jpg",NULL,"2025-10-31T11:37:31.489Z"
"BokuNoHero.jpg","Póster artístico - BokuNoHero","posters","","posters/BokuNoHero.jpg","https://kuwhcnnhhtpjqnrbbdkc.supabase.co/storage/v1/object/public/images/posters/BokuNoHero.jpg",NULL,"2025-10-31T11:37:31.489Z"
"BreakingBad.jpg","Póster artístico - BreakingBad","posters","","posters/BreakingBad.jpg","https://kuwhcnnhhtpjqnrbbdkc.supabase.co/storage/v1/object/public/images/posters/BreakingBad.jpg",NULL,"2025-10-31T11:37:31.489Z"
"ChihiroGhostface.jpg","Póster artístico - ChihiroGhostface","posters","","posters/ChihiroGhostface.jpg","https://kuwhcnnhhtpjqnrbbdkc.supabase.co/storage/v1/object/public/images/posters/ChihiroGhostface.jpg",NULL,"2025-10-31T11:37:31.489Z"
"Chucky.jpg","Póster artístico - Chucky","posters","","posters/Chucky.jpg","https://kuwhcnnhhtpjqnrbbdkc.supabase.co/storage/v1/object/public/images/posters/Chucky.jpg",NULL,"2025-10-31T11:37:31.489Z"
"DaftPunk.jpg","Póster artístico - DaftPunk","posters","","posters/DaftPunk.jpg","https://kuwhcnnhhtpjqnrbbdkc.supabase.co/storage/v1/object/public/images/posters/DaftPunk.jpg",NULL,"2025-10-31T11:37:31.489Z"
"DanDaDan.jpg","Póster artístico - DanDaDan","posters","","posters/DanDaDan.jpg","https://kuwhcnnhhtpjqnrbbdkc.supabase.co/storage/v1/object/public/images/posters/DanDaDan.jpg",NULL,"2025-10-31T11:37:31.489Z"
"Eeveelutions.jpg","Póster artístico - Eeveelutions","posters","","posters/Eeveelutions.jpg","https://kuwhcnnhhtpjqnrbbdkc.supabase.co/storage/v1/object/public/images/posters/Eeveelutions.jpg",NULL,"2025-10-31T11:37:31.489Z"
"Eyecream.jpg","Póster artístico - Eyecream","posters","","posters/Eyecream.jpg","https://kuwhcnnhhtpjqnrbbdkc.supabase.co/storage/v1/object/public/images/posters/Eyecream.jpg",NULL,"2025-10-31T11:37:31.489Z"
"JakeArcoiris.jpg","Póster artístico - JakeArcoiris","posters","","posters/JakeArcoiris.jpg","https://kuwhcnnhhtpjqnrbbdkc.supabase.co/storage/v1/object/public/images/posters/JakeArcoiris.jpg",NULL,"2025-10-31T11:37:31.489Z"
"LinkCucos.jpg","Póster artístico - LinkCucos","posters","","posters/LinkCucos.jpg","https://kuwhcnnhhtpjqnrbbdkc.supabase.co/storage/v1/object/public/images/posters/LinkCucos.jpg",NULL,"2025-10-31T11:37:31.489Z"
"Marca de awa.clip","Póster artístico - Marca de awa","posters","","posters/Marca de awa.clip","https://kuwhcnnhhtpjqnrbbdkc.supabase.co/storage/v1/object/public/images/posters/Marca de awa.clip",NULL,"2025-10-31T11:37:31.489Z"
"MarioKart.jpg","Póster artístico - MarioKart","posters","","posters/MarioKart.jpg","https://kuwhcnnhhtpjqnrbbdkc.supabase.co/storage/v1/object/public/images/posters/MarioKart.jpg",NULL,"2025-10-31T11:37:31.489Z"
"NarutoySasuke.jpg","Póster artístico - NarutoySasuke","posters","","posters/NarutoySasuke.jpg","https://kuwhcnnhhtpjqnrbbdkc.supabase.co/storage/v1/object/public/images/posters/NarutoySasuke.jpg",NULL,"2025-10-31T11:37:31.489Z"
"PlasticBeach.jpg","Póster artístico - PlasticBeach","posters","","posters/PlasticBeach.jpg","https://kuwhcnnhhtpjqnrbbdkc.supabase.co/storage/v1/object/public/images/posters/PlasticBeach.jpg",NULL,"2025-10-31T11:37:31.489Z"
"Querubines.jpg","Póster artístico - Querubines","posters","","posters/Querubines.jpg","https://kuwhcnnhhtpjqnrbbdkc.supabase.co/storage/v1/object/public/images/posters/Querubines.jpg",NULL,"2025-10-31T11:37:31.489Z"
"SiriusBlack.jpg","Póster artístico - SiriusBlack","posters","","posters/SiriusBlack.jpg","https://kuwhcnnhhtpjqnrbbdkc.supabase.co/storage/v1/object/public/images/posters/SiriusBlack.jpg",NULL,"2025-10-31T11:37:31.489Z"
"Sukuna.jpg","Póster artístico - Sukuna","posters","","posters/Sukuna.jpg","https://kuwhcnnhhtpjqnrbbdkc.supabase.co/storage/v1/object/public/images/posters/Sukuna.jpg",NULL,"2025-10-31T11:37:31.489Z"
"TeamRocket.jpg","Póster artístico - TeamRocket","posters","","posters/TeamRocket.jpg","https://kuwhcnnhhtpjqnrbbdkc.supabase.co/storage/v1/object/public/images/posters/TeamRocket.jpg",NULL,"2025-10-31T11:37:31.489Z"
"Zelda.jpg","Póster artístico - Zelda","posters","","posters/Zelda.jpg","https://kuwhcnnhhtpjqnrbbdkc.supabase.co/storage/v1/object/public/images/posters/Zelda.jpg",NULL,"2025-10-31T11:37:31.489Z"
"Art_Creepybaras.png","Diseño de playera - Art_Creepybaras","playeras","","playeras/Art_Creepybaras.png","https://kuwhcnnhhtpjqnrbbdkc.supabase.co/storage/v1/object/public/images/playeras/Art_Creepybaras.png",NULL,"2025-10-31T11:37:31.489Z"
"Bruja_Creepybaras.png","Diseño de playera - Bruja_Creepybaras","playeras","","playeras/Bruja_Creepybaras.png","https://kuwhcnnhhtpjqnrbbdkc.supabase.co/storage/v1/object/public/images/playeras/Bruja_Creepybaras.png",NULL,"2025-10-31T11:37:31.489Z"
"Calabaza_Creepybaras.png","Diseño de playera - Calabaza_Creepybaras","playeras","","playeras/Calabaza_Creepybaras.png","https://kuwhcnnhhtpjqnrbbdkc.supabase.co/storage/v1/object/public/images/playeras/Calabaza_Creepybaras.png",NULL,"2025-10-31T11:37:31.489Z"
"EvilDead_Creepybaras.png","Diseño de playera - EvilDead_Creepybaras","playeras","","playeras/EvilDead_Creepybaras.png","https://kuwhcnnhhtpjqnrbbdkc.supabase.co/storage/v1/object/public/images/playeras/EvilDead_Creepybaras.png",NULL,"2025-10-31T11:37:31.489Z"
"Jigsaw_Creepybaras.png","Diseño de playera - Jigsaw_Creepybaras","playeras","","playeras/Jigsaw_Creepybaras.png","https://kuwhcnnhhtpjqnrbbdkc.supabase.co/storage/v1/object/public/images/playeras/Jigsaw_Creepybaras.png",NULL,"2025-10-31T11:37:31.489Z"
"JunjiIto_Creepybaras.png","Diseño de playera - JunjiIto_Creepybaras","playeras","","playeras/JunjiIto_Creepybaras.png","https://kuwhcnnhhtpjqnrbbdkc.supabase.co/storage/v1/object/public/images/playeras/JunjiIto_Creepybaras.png",NULL,"2025-10-31T11:37:31.489Z"
"Pennywise_Creepybaras.png","Diseño de playera - Pennywise_Creepybaras","playeras","","playeras/Pennywise_Creepybaras.png","https://kuwhcnnhhtpjqnrbbdkc.supabase.co/storage/v1/object/public/images/playeras/Pennywise_Creepybaras.png",NULL,"2025-10-31T11:37:31.489Z"
"Slenderman_Creepybaras.png","Diseño de playera - Slenderman_Creepybaras","playeras","","playeras/Slenderman_Creepybaras.png","https://kuwhcnnhhtpjqnrbbdkc.supabase.co/storage/v1/object/public/images/playeras/Slenderman_Creepybaras.png",NULL,"2025-10-31T11:37:31.489Z"
"Uzumaki_Creepybaras.png","Diseño de playera - Uzumaki_Creepybaras","playeras","","playeras/Uzumaki_Creepybaras.png","https://kuwhcnnhhtpjqnrbbdkc.supabase.co/storage/v1/object/public/images/playeras/Uzumaki_Creepybaras.png",NULL,"2025-10-31T11:37:31.489Z"
"Vampiro_Creepybaras.png","Diseño de playera - Vampiro_Creepybaras","playeras","","playeras/Vampiro_Creepybaras.png","https://kuwhcnnhhtpjqnrbbdkc.supabase.co/storage/v1/object/public/images/playeras/Vampiro_Creepybaras.png",NULL,"2025-10-31T11:37:31.489Z"
"evento1.PNG","Imagen de evento - evento1","eventos","","eventos/evento1.PNG","https://kuwhcnnhhtpjqnrbbdkc.supabase.co/storage/v1/object/public/images/eventos/evento1.PNG",NULL,"2025-10-31T11:37:31.489Z"
"evento2.PNG","Imagen de evento - evento2","eventos","","eventos/evento2.PNG","https://kuwhcnnhhtpjqnrbbdkc.supabase.co/storage/v1/object/public/images/eventos/evento2.PNG",NULL,"2025-10-31T11:37:31.489Z"
"evento3.PNG","Imagen de evento - evento3","eventos","","eventos/evento3.PNG","https://kuwhcnnhhtpjqnrbbdkc.supabase.co/storage/v1/object/public/images/eventos/evento3.PNG",NULL,"2025-10-31T11:37:31.489Z"
"evento4.PNG","Imagen de evento - evento4","eventos","","eventos/evento4.PNG","https://kuwhcnnhhtpjqnrbbdkc.supabase.co/storage/v1/object/public/images/eventos/evento4.PNG",NULL,"2025-10-31T11:37:31.489Z"
"evento5.PNG","Imagen de evento - evento5","eventos","","eventos/evento5.PNG","https://kuwhcnnhhtpjqnrbbdkc.supabase.co/storage/v1/object/public/images/eventos/evento5.PNG",NULL,"2025-10-31T11:37:31.489Z"